image_path,url,label
images_train\legitimate\www.ebay.com-937a9fc811f34c42.png,https://www.ebay.com/itm/HANS-CONRIED-AUTOGRAPHED-5X7-BULLWINKLE-SNIDELY-WHIPLASH-VOICE-/160667135247,legitimate
images_train\legitimate\www.music.yahoo.com-5dd3eafa03a51760.png,https://www.music.yahoo.com/ella-fitzgerald/,legitimate
images_train\legitimate\www.spvm.qc.ca-4a36745e5cb4c45a.png,https://www.spvm.qc.ca/en/pdq01/index.asp,legitimate
images_train\phishing\kf25zx.com-965967d25cf64a27.png,http://kf25zx.com/images?us.battle.net/login/en/?ref=http://xcqdlhtus.battle.net/d3/en/index&amp;;,phishing
images_train\legitimate\www.123people.co.uk-2656001631d7fa79.png,https://www.123people.co.uk/s/kevin+o%27leary,legitimate
images_train\legitimate\www.metalunderground.com-acf33da40368a736.png,https://www.metalunderground.com/news/details.cfm?newsid=73401,legitimate
images_train\legitimate\www.pioneerbankandtrust.com-f2a04a332f7278e8.png,https://www.pioneerbankandtrust.com/,legitimate
images_train\legitimate\www.discounthockey.com-d7403b51403e26a8.png,https://www.discounthockey.com/ccm-hockey-history-article.html,legitimate
images_train\phishing\www.bancopostaonline.poste.it-logind52ac2jabzzoqixnrgfaivm5pw7w97rdamd89d67.iran-viajes.com-26def36927833c91.png,http://www.bancopostaonline.poste.it-logind52ac2jABZzoQiXnRgFaIvm5pw7w97rdamd89d67.iran-viajes.com/BancoPosteClickd9aawd9d932n3udf7gf983rnajasdh/?user=,phishing
images_train\legitimate\www.lead411.com-4824a9d7468fc487.png,https://www.lead411.com/Frank_Waldo_411881.html,legitimate
images_train\legitimate\www.sovereignbbqs.com-af8f31e6617d7cce.png,https://www.sovereignbbqs.com/,legitimate
images_train\legitimate\www.houseofnames.com-ae68ade7795f4862.png,https://www.houseofnames.com/westover-family-crest,legitimate
images_train\legitimate\www.dedece.com-684b42e1a7399e4c.png,https://www.dedece.com/projects/Lorne-Residence/726,legitimate
images_train\phishing\eclectyx.com-23a0980b86cde963.png,http://eclectyx.com/.https/www/owa.msoutlookonline.net/wsignin/owa/auth/logon.aspx_url_replaceCurrent_owa/index.php?umail=YWNjb3VudGluZ0BhbWVyaWNhbi1wYXJraW5nLmNvbQ0,phishing
images_train\phishing\cndoubleegret.com-f913c4e9eccfb936.png,http://cndoubleegret.com/admin/secure/cmd-login=0b44bbfba88441260c55a2520845580a/?user=3Dsjenk=&amp;reff=NTlkMDIyYzUwYmQ5ZmZlOTZjZmRkNjk0YzRiMTU2MGQ=,phishing
images_train\legitimate\www.mercurynews.com-23a302a5724792ff.png,https://www.mercurynews.com/sjsu-spartans/ci_17904013?source=rss,legitimate
images_train\legitimate\www.rottentomatoes.com-53cbdc37e7df9a17.png,https://www.rottentomatoes.com/m/other_boleyn_girl/,legitimate
images_train\legitimate\www.mylife.com-bedc9ce5bc797d83.png,https://www.mylife.com/cmn10506,legitimate
images_train\legitimate\www.dailymail.co.uk-cfd553c48cc4a8a3.png,https://www.dailymail.co.uk/news/article-1348261/Olof-Palme-murder-Yugoslavian-hitman-Scottish-jail-gives-new-evidence.html,legitimate
images_train\legitimate\www.rootsweb.ancestry.com-293288a66ccdd5a5.png,https://www.rootsweb.ancestry.com/~inripchs/1820/b-names.html,legitimate
images_train\legitimate\www.myspace.com-969d987edb344cb6.png,https://www.myspace.com/danielejohnson,legitimate
images_train\legitimate\www.facebook.com-a2c8619d44f32c7e.png,https://www.facebook.com/people/Willie-Davis-Jr/100000028362869,legitimate
images_train\legitimate\www.abebooks.com-3eb3a775b549648b.png,https://www.abebooks.com/9780393013368/Ropes-Sand-Americas-Failure-Middle-0393013367/plp,legitimate
images_train\legitimate\www.mylife.com-5d9e8a2715e8a5b1.png,https://www.mylife.com/zip-codes/b3-282882/,legitimate
images_train\phishing\www.afoipouliou.gr-38a764e3a54ce383.png,http://www.afoipouliou.gr/hbec.php,phishing
images_train\legitimate\www.twitter.com-cfcbb32970bccb9a.png,https://www.twitter.com/pierrebourque/status/138354466125651970,legitimate
images_train\phishing\narbit.com-cfed90bf6fe8be1f.png,http://narbit.com/rss/feed/stream/,phishing
images_train\legitimate\www.mylife.com-85bc7bb670bdbcee.png,https://www.mylife.com/c-1603187061,legitimate
images_train\legitimate\www.wn.com-aa4a70c91b31ed48.png,https://www.wn.com/Muskingum_River_Power_Plant,legitimate
images_train\legitimate\www.amazon.com-6aa8ae2fd4ed9655.png,https://www.amazon.com/Alias-Complete-Season-Jennifer-Garner/dp/B0001I55ZQ,legitimate
images_train\phishing\cloudsfm.com-ed74b5a11d83ac60.png,http://cloudsfm.com/refresh/verif/index/webscr.php,phishing
images_train\legitimate\www.amazon.com-262c6c65317934f7.png,https://www.amazon.com/Dirt-180g-Vinyl-Alice-Chains/dp/B002YP4FOQ,legitimate
images_train\legitimate\www.linkedin.com-f4178b6e762a7add.png,https://www.linkedin.com/in/pierrebourcier,legitimate
images_train\legitimate\www.reverbnation.com-132c49dd6367abcb.png,https://www.reverbnation.com/sonnyskyyz,legitimate
images_train\phishing\stsgroupbd.com-ed836b2bedc0182f.png,http://stsgroupbd.com/aug/ee/secure/cmd-login=360309ed5505234ba1aec97e95afa6ac/,phishing
images_train\legitimate\www.fifelettingservice.co.uk-33109ab9657343ca.png,https://www.fifelettingservice.co.uk/,legitimate
images_train\legitimate\www.hotfrog.com.my-e05b84815726bd3e.png,https://www.hotfrog.com.my/Products/Advertising-Agency,legitimate
images_train\legitimate\www.drstrange.com-6abb8d41c9ec4db1.png,https://www.drstrange.com/cart.php?m=music_search&xsubmit=Y&search=Angelic+Upstarts&exact=Y,legitimate
images_train\legitimate\www.hallmarkbusinessconnections.com-a16754ccf668a9ff.png,https://www.hallmarkbusinessconnections.com/,legitimate
images_train\phishing\www.warrenpolice.com-29730b0edf33e740.png,"http://www.warrenpolice.com/modules/mod_menu/tmpl/Login.do/home,LHJQ3Z1,login=id.html",phishing
images_train\phishing\www.papagiannismuseum.gr-28e550f90ef9567a.png,http://www.papagiannismuseum.gr/auto/ii.php?rand=13InboxLightaspxn.1774256418&fid.4.1252899642&fid=1&fav.1&rand.13InboxLight.aspxn.1774256418&fid.1252899642&fid.1&fav.1&email=&.rand=13InboxLight.aspx?n=1774256418&fid=4#n=1252899642&fid=1&fav=1,phishing
images_train\legitimate\www.linkedin.com-7b5de51972470576.png,https://www.linkedin.com/directory/people/elias-18.html,legitimate
images_train\legitimate\www.myspace.com-dc013b89adf7e755.png,https://www.myspace.com/michelrivard,legitimate
images_train\legitimate\www.fearthefin.com-b0a3539aa3e2c178.png,https://www.fearthefin.com/2011/6/1/2200415/2011-nhl-stanley-cup-finals-boston-vs-vancouver,legitimate
images_train\legitimate\www.wn.com-4d52ea46763229a0.png,https://www.wn.com/Chad_Lapointe,legitimate
images_train\phishing\cndoubleegret.com-c1dad0a311b9fa6f.png,http://cndoubleegret.com/admin/secure/cmd-login=6c1c6cdadb2e32d8c8cf9aa93f4fb07c,phishing
images_train\legitimate\www.barasatmunicipality.org-ccd8e15d5d38a04c.png,https://www.barasatmunicipality.org/,legitimate
images_train\phishing\atlcourier.com-0c299af636ea6155.png,http://atlcourier.com/wp-content/plugins/cached_data/k1.exe,phishing
images_train\phishing\avaksystems.com-5e51fa62b0ae0798.png,https://avaksystems.com/rover/9/2krYL569a9u3g0AQq57aOs6WCyNUx82krYL569a9u3g0AQq57aOs6WCyNUx8-2krYL569a9u3g0AQq57aOs6WCyNUx82krYL569a9u3g0AQq57aOs6WCyNUx82krYL569a9u3g0AQq57aOs6WCyNUx8/derlederer@email.de,phishing
images_train\phishing\kf25zx.com-bb76ebb2a4a5bb77.png,http://kf25zx.com/images/?http://us.battle.net/login/,phishing
images_train\legitimate\www.baseballheavy.com-2248d0f8c52d8fa2.png,https://www.baseballheavy.com/2007_02_01_archive.html,legitimate
images_train\phishing\thinkmorequizzes.com-81f38de2ea5fb63e.png,https://thinkmorequizzes.com/domain/boxMrenewal.php?login_srf?wa=wsignin1.0&amp;rpsnv=12&amp;ct=1389173413&amp;rv=&amp;er=6.4.6456.&amp;Email=%0%&amp;_wp=MBI&amp;wre/default_aspx=&amp;lc=1033&amp;id=64855&amp;mkt=en-us&amp;cbcxt=mai&amp;snsc=1,phishing
images_train\legitimate\www.facebook.com-e39f8f4cee91f88c.png,https://www.facebook.com/pages/The-Cedars-on-Salmon-Creek/207706547184,legitimate
images_train\legitimate\www.payscale.com-ede4d3992798996f.png,https://www.payscale.com/research/US/People_in_the_Grand_Rapids-Wyoming%2c_Michigan_Metropolitan_Area/Hourly_Rate,legitimate
images_train\phishing\coldworld.co.in-e711299b28397ce7.png,http://coldworld.co.in/workflow/30/cp.php?letter=login,phishing
images_train\legitimate\www.profilecanada.com-d592ea86fca2ffd4.png,https://www.profilecanada.com/companydetail.cfm?company=835771_Malartic_Centre_Michel_Briere_Malartic_QC,legitimate
images_train\legitimate\www.ninthstreetespresso.com-973c1639aafa9919.png,https://www.ninthstreetespresso.com/Ninth_Street_Espresso/Locations.html,legitimate
images_train\legitimate\www.findagrave.com-d217068f5d6656b8.png,https://www.findagrave.com/cgi-bin/fg.cgi?page=gr&GRid=8483,legitimate
images_train\phishing\cintrustmfb.com-11756f82daa4b8a6.png,http://cintrustmfb.com/modules/kosarqwsadasdsadasaaa/signin1/customer_center/customer-IDPP00C329/myaccount/signin/,phishing
images_train\phishing\worldwidelogisticsgh.com-4658729a68267ef4.png,http://worldwidelogisticsgh.com/update/dropbox/login/,phishing
images_train\legitimate\www.meetup.com-face8f22258b2363.png,https://www.meetup.com/filmind-254/,legitimate
images_train\legitimate\www.theserverside.com-42fecb72487be7ad.png,https://www.theserverside.com/user/userthreads.tss,legitimate
images_train\legitimate\www.mapquest.com-a7817f4972642cf7.png,https://www.mapquest.com/maps?address=164+Jeanne+Mance+Street&city=Vanier&state=ON&zipcode=K1L+6M3&country=CA,legitimate
images_train\legitimate\www.northsrugby.co.nz-63a2ec13c9e93089.png,https://www.northsrugby.co.nz/our-people.html,legitimate
images_train\phishing\travcult.com-b0cc245a1300e287.png,http://travcult.com/wp-includes/images/crystal/login.jsp.htm?biz_type=notifications_mc,phishing
images_train\legitimate\www.britannica.com-0a67b5ae692079cb.png,https://www.britannica.com/EBchecked/topic/147072/Sir-Arthur-William-Currie,legitimate
images_train\phishing\sites.google.com-91919956943455f7.png,https://sites.google.com/view/9mnwug/,phishing
images_train\legitimate\www.facebook.com-41f15e7812d7e12d.png,https://www.facebook.com/nicole.leger,legitimate
images_train\legitimate\www.fanbase.com-f4b94a00bf138882.png,https://www.fanbase.com/Richmond-Spiders-Mens-Basketball,legitimate
images_train\legitimate\www.vitals.com-79749ed72ccb04eb.png,https://www.vitals.com/doctors/Dr_Norma_Rivera-Opio.html,legitimate
images_train\phishing\donavioleta.com.br-dbe0faedd4881d00.png,http://donavioleta.com.br/plugins/content/jw_sigpro/jw_sigpro/includes/js/jquery_prettyphoto/images/prettyPhoto/light_square/tvmmmpmgy/genesis/661a819b443111479550a7a1163a71ce/?login=&.login?c=aHR0cDovL3d3dy5hcHBsZS5jb20vc2hvcHwxYW9zNGJjMzU3MDM3ZTc1NmQ3NGY4MTI3ZGZhMWNkNDBlNWZkNGY0MWNhZQ&r=SDHCD9JUYKX777H9KT9JT7JJTAPAXHFKH&s=aHR0cHM6Ly9zZWN1cmUyLnN0b3JlLmFwcGxlLmNvbS9zaG9wL2FjY291bnQvc2V0dXAvc3RhcnQ_c,phishing
images_train\phishing\paypal.com.customeraccount-support-manager-com.flu.cc-1be975bf92216dc8.png,http://paypal.com.customeraccount-support-manager-com.flu.cc/mpp/signin/925f/websrc,phishing
images_train\legitimate\www.101domain.com-6f5e7f0e7491eebf.png,https://www.101domain.com/idn/tv/chinese_traditional.html,legitimate
images_train\legitimate\www.linkedin.com-88c8310352f1051e.png,https://www.linkedin.com/pub/diane-bourgeois/a/128/602,legitimate
images_train\legitimate\www.ljworld.com-318883ad8bfb2ee6.png,https://www.ljworld.com/news/2010/jul/02/soul-music-christian-performers-unify-rb-religion-/,legitimate
images_train\phishing\beenuinteriordesign.com-c3682c93b9996636.png,http://beenuinteriordesign.com/wp-includes/netwark/buox/login/,phishing
images_train\phishing\blogmedium29123012.wordpress.com-4bba444c0818f75f.png,https://blogmedium29123012.wordpress.com/2017/11/21/gift-3jh42jh3g4jh23g4jh23g4gjh234jhh23g4jh2/?HeYpoDb=NqqALKp&ae=Qcr8zV6W2275wkZj1U&YO=JYPlbu2YfZL&Zmltahk=G6BDMaGn9EPyNlb7M,phishing
images_train\legitimate\www.thisisrnb.com-930940f0609899df.png,https://www.thisisrnb.com/2010/09/ne-yo-libra-scale-tracklist/,legitimate
images_train\legitimate\www.fordfoundation.org-b9558595eba8d66d.png,https://www.fordfoundation.org/issues/economic-fairness/expanding-livelihood-opportunities-for-poor-households/team/j-paul-lacoste,legitimate
images_train\legitimate\www.bitbucket.org-f91f2e5f637781f1.png,https://www.bitbucket.org,legitimate
images_train\legitimate\www.nytimes.com-24adc58f149da10e.png,https://www.nytimes.com/ref/washington/raceprofile_NEWYORK19.html,legitimate
images_train\legitimate\www.stubhub.com-b83ec39912a97156.png,https://www.stubhub.com/dick-howser-stadium-event-tickets/,legitimate
images_train\legitimate\www.answers.com-9a269b92b883cd48.png,https://www.answers.com/topic/gibraltar,legitimate
images_train\legitimate\www.mylife.com-9e8c5e478be4b9a5.png,https://www.mylife.com/c-2315303220,legitimate
images_train\phishing\db.tt-4ade90946633ba0f.png,http://db.tt/p3owGzwo,phishing
images_train\phishing\stsgroupbd.com-ce092254d775c1df.png,http://stsgroupbd.com/aug/ee/secure/cmd-login=ef8acdd149a6d630d80645ff9a46eb95/,phishing
images_train\legitimate\www.ebay.com-50cbd331167d7403.png,https://www.ebay.com/sch/i.html?_nkw=virna+lisi&_frs=1&_trksid=p3286.c0.m359,legitimate
images_train\legitimate\www.ciena.com-b5d63aa23ac17fd4.png,https://www.ciena.com/corporate/contact-us/?catID=900049&office=Montreal-Quebec,legitimate
images_train\phishing\accounts.google.com-cb8f965bce88fd2a.png,http://accounts.google.com/ServiceLogin?continue=https://drive.google.com/st/auth/host/0Bz9pzRUAjfXaT3RXengxQXV3dlU/,phishing
images_train\legitimate\www.wellerfuneralhome.com-59291694381d4251.png,https://www.wellerfuneralhome.com/2010/04/jack-dudley-barnston/,legitimate
images_train\phishing\travcult.com-57c9573cae32cb17.png,http://travcult.com/wp-includes/images/crystal/login.jsp.htm?biz_type=Notifications_MC&amp;crm_mtn_tracelog_log_id=12538744331&amp;crm_mtn_tracelog_task_id=d8600751-2912-416f-b757-fdf2fa1a5133&amp;id=MC1IDX1eFxFs3sWIsoAwNEgmJLcbEtGLBdcBldex4mAZn8z1BJeVCg7OV8hJEn7T2Og,phishing
images_train\phishing\mercyhills.org-391d95e85c02d24a.png,http://mercyhills.org/cache/dropbox/,phishing
images_train\phishing\guarderiaelpatiodemicasa.com-3f0a337238f5091d.png,http://guarderiaelpatiodemicasa.com/Docs/index.php,phishing
images_train\phishing\warmatrierindo.com-ab06c6e3007bf6c1.png,http://warmatrierindo.com/Scripts/index.php?email=abuse@mail888.org%20...,phishing
images_train\phishing\zlobek.stargard.pl-b06b818f91a01f9a.png,http://zlobek.stargard.pl/rnac.php,phishing
images_train\legitimate\www.amazon.com-e629a0f84d6d39dd.png,https://www.amazon.com/Where-Fern-Grows-James-Whitmore/dp/6301394704,legitimate
images_train\legitimate\www.rottentomatoes.com-18f359193bda0ee3.png,https://www.rottentomatoes.com/m/man_of_the_year/,legitimate
images_train\legitimate\www.rfvideo.com-1d4391082f459593.png,https://www.rfvideo.com/shootwithbutchreed.aspx,legitimate
images_train\legitimate\www.wilsoncountynews.com-1977bfeafd98d1c9.png,https://www.wilsoncountynews.com/,legitimate
images_train\legitimate\www.flipsyde.com-14b8c4631263bb41.png,https://www.flipsyde.com/,legitimate
images_train\phishing\leeds365-my.sharepoint.com-778930bb7e770b7d.png,https://leeds365-my.sharepoint.com/personal/bn16rcm_leeds_ac_uk/_layouts/15/Authenticate.aspx,phishing
images_train\legitimate\www.prokerala.com-076d896ab14e6a15.png,https://www.prokerala.com/travel/airports/benin/cotonou-airport.html,legitimate
images_train\legitimate\www.ctidirectory.com-74e724b9aef25d33.png,https://www.ctidirectory.com/search/company.cfm?company=140971,legitimate
images_train\legitimate\www.myspace.com-37607261ff761a2c.png,https://www.myspace.com/thinkaboutlife,legitimate
images_train\legitimate\www.factbites.com-015edd49c43bc1b7.png,https://www.factbites.com/topics/Nottingham-(disambiguation),legitimate
images_train\legitimate\www.myspace.com-7bf2d201b5a0b8d7.png,https://www.myspace.com/maidentour,legitimate
images_train\legitimate\www.ladyprimrose.com-bb2c85685dd5a12d.png,https://www.ladyprimrose.com/,legitimate
images_train\legitimate\www.alpinehomeair.com-148796c73d5c158e.png,https://www.alpinehomeair.com/viewproduct.cfm?productID=453059249,legitimate
images_train\legitimate\www.tvguide.com-49d15d94ce1b9d43.png,https://www.tvguide.com/celebrities/ruta-lee/bio/173334,legitimate
images_train\legitimate\www.setlist.fm-1552df6999c4286d.png,https://www.setlist.fm/setlists/vermillion-lies-2bd7a03a.html,legitimate
images_train\legitimate\www.lowellareatrailway.org-eb9ea49358d41c64.png,https://www.lowellareatrailway.org/,legitimate
images_train\legitimate\www.facebook.com-6a92fe80963eaf81.png,https://www.facebook.com/pages/Xingu-Hill/112488748762665,legitimate
images_train\legitimate\www.firestonecompleteautocare.com-07871aa99d3c5cf8.png,https://www.firestonecompleteautocare.com/,legitimate
images_train\legitimate\www.urdirt.com-efc10d2e230b2e43.png,https://www.urdirt.com/2009/04/16/ufc-97-restaurants-and-bar-list/,legitimate
images_train\legitimate\www.mylife.com-887eb87a20fc069c.png,https://www.mylife.com/ericvanhoutte,legitimate
images_train\legitimate\www.capitalone.com-c3f98230dab277a3.png,https://www.capitalone.com,legitimate
images_train\legitimate\www.music.yahoo.com-9864b78f10fa6b0e.png,https://www.music.yahoo.com/crooklyn-dodgers/,legitimate
images_train\legitimate\www.123people.co.uk-48af732ac40aa249.png,https://www.123people.co.uk/s/james+wilson,legitimate
images_train\legitimate\www.timescolonist.com-6369793d7763461c.png,https://www.timescolonist.com/sports/Shamrocks+depart+with+empty+feeling/5231132/story.html,legitimate
images_train\phishing\forms.zohopublic.com-fec892fdf5ad001e.png,http://forms.zohopublic.com/toolsbox79/form/WebmailAdministrator/formperma/A_0C7mGe0mK5hMa3f4D5G661e,phishing
images_train\legitimate\www.archive.org-2ac7e61e88a92bec.png,https://www.archive.org/stream/invernessburghdi190102inv/invernessburghdi190102inv_djvu.txt,legitimate
images_train\legitimate\www.ala.org-50488576592a11fa.png,https://www.ala.org/alsc/awardsgrants/bookmedia/caldecottmedal/caldecotthonors/caldecottmedal,legitimate
images_train\legitimate\www.thefamilyinternational.org-5bbc5d67acfa932b.png,https://www.thefamilyinternational.org/en/about/our-founder-david-berg/,legitimate
images_train\legitimate\www.myspace.com-0dc8832fd8419051.png,https://www.myspace.com/manuelromero,legitimate
images_train\legitimate\www.houseofnames.com-b24dca9d3ff1d95c.png,https://www.houseofnames.com/lachance-family-crest,legitimate
images_train\phishing\naiumang.org-c27b2e09d8a81d05.png,http://naiumang.org/css/bxslider/images/Update/signin/myaccount/signin/,phishing
images_train\legitimate\www.kusports.com-ddfdf700e8dc1714.png,https://www.kusports.com/photos/2007/oct/,legitimate
images_train\phishing\pastebin.com-af97a295270e0b90.png,http://pastebin.com/TZHSeBFU,phishing
images_train\legitimate\www.facebook.com-dc10cb242de511cf.png,https://www.facebook.com/pages/Alpha-Gamma-Rho-Alpha-Lambda/139438132760998,legitimate
images_train\phishing\ourgreatfuture.com-4e35c06a773c7fa9.png,http://ourgreatfuture.com/images/N/login.php,phishing
images_train\legitimate\www.retailcouncil.org-ffe00ea0f3793006.png,https://www.retailcouncil.org/,legitimate
images_train\legitimate\www.houseofnames.com-4db8c24496a009fb.png,https://www.houseofnames.com/shaughnessy-family-crest,legitimate
images_train\legitimate\www.catalogue.nla.gov.au-39a6946d8cfbfe00.png,https://www.catalogue.nla.gov.au/Record/4805224,legitimate
images_train\legitimate\www.omega.com-c4a8da4d46ee9f31.png,https://www.omega.com/,legitimate
images_train\legitimate\www.amazon.com-7db5436006bca665.png,https://www.amazon.com/s?ie=UTF8&rh=n%3A283155%2Ck%3ACardiac%20arrest&page=1,legitimate
images_train\phishing\www.teatrto.art.pl-abc66f7857c4380c.png,http://www.teatrto.art.pl/email.blocked.temporaril.yahoo.com/,phishing
images_train\legitimate\www.smh.com.au-5a3450a9e8582eb3.png,https://www.smh.com.au,legitimate
images_train\phishing\www.cndoubleegret.com-871bdd724b18497d.png,http://www.cndoubleegret.com/admin/secure/cmd-login=370a3f98731e55a3450e88c4a7592a9c/,phishing
images_train\legitimate\www.drsoundguy.com-597d92af2a26c06b.png,https://www.drsoundguy.com/,legitimate
images_train\legitimate\www.answers.com-66ab2af62ae36dc8.png,https://www.answers.com/topic/william-alexander,legitimate
images_train\legitimate\www.amazon.com-31aa759f479ac850.png,https://www.amazon.com/MC-Hammer-Greatest-Hits-Mc/dp/B000002UI8,legitimate
images_train\legitimate\www.racing-reference.info-da34fac1f0d9d41f.png,https://www.racing-reference.info/driver.htm,legitimate
images_train\legitimate\www.beenverified.com-cd00250f8e1383fe.png,https://www.beenverified.com/p/debbie+robertson,legitimate
images_train\phishing\sites.google.com-cfb0d5fc0af84f7b.png,https://sites.google.com/site/help12454584510100000/,phishing
images_train\phishing\www.kern-photo.com-eaac669278b86b40.png,http://www.kern-photo.com/ourohana/wp-content/content/tracking_2754677973/dhl.php?email=abuse@free.fr,phishing
images_train\legitimate\www.trails.com-c08c7910020913ee.png,https://www.trails.com/,legitimate
images_train\legitimate\www.stingraygraphix.co.za-96a188a80d79d078.png,https://www.stingraygraphix.co.za/,legitimate
images_train\phishing\chovrysu.hys.cz-978e458e6c6a1108.png,http://chovrysu.hys.cz/libraries/legacy/log/wellsfargo/wellsfargo/wellsfargo/wellsfargo/wellsfargo/,phishing
images_train\legitimate\www.ultimate-guitar.com-60ed13311662e77c.png,https://www.ultimate-guitar.com/tabs/nobunny_tabs.htm,legitimate
images_train\legitimate\www.answers.com-b96e86b71eaf4ecc.png,https://www.answers.com/topic/hollingshead-1,legitimate
images_train\legitimate\www.politifact.com-09e016708f18fec8.png,https://www.politifact.com/virginia/statements/2011/jul/29/eric-cantor/cantor-says-reid-debt-proposal-gives-blank-check-o/,legitimate
images_train\phishing\czaragroup.com-ae88fd3e54a73596.png,http://czaragroup.com/admin/css/excel/index.php?email=abuse@gononet.com,phishing
images_train\legitimate\www.sports-reference.com-24d4bcbb30e1f53e.png,https://www.sports-reference.com/cfb/schools/ucla/1974-roster.html,legitimate
images_train\legitimate\www.facebook.com-804108dbbf097296.png,https://www.facebook.com/EddyJamOfficial,legitimate
images_train\phishing\stcroixlofts.com-e2b18ba02e27c582.png,http://stcroixlofts.com/inc/manager/config/auth/log/efad090533d948f4598e83cf99703b5dMzBmODY5YmY5MGFjODYyMjM5NWI3NTY1NTIxMmZhMmE=/resolution/websc_login/?country.x=&amp;locale.x=en_,phishing
images_train\legitimate\www.amazon.com-2cff0fddbbe674ba.png,https://www.amazon.com/s?ie=UTF8&keywords=Casey%20Stengel&rh=i%3Aaps%2Ck%3ACasey%20Stengel&page=1,legitimate
images_train\legitimate\www.amazon.com-647acd745baa7367.png,https://www.amazon.com/Innovation-Marketing-Video-Game-Industry/dp/0566091674,legitimate
images_train\phishing\guess515.fastmail.fm-d6a05f4626b865b3.png,http://guess515.fastmail.fm/files/decepk,phishing
images_train\legitimate\www.brokencontrollers.com-9027ec5d56120e3f.png,https://www.brokencontrollers.com/couple-thank-musgrove-chard-amp-ilminster-news-t32844809.php,legitimate
images_train\phishing\storage.googleapis.com-15b655a0b8cfb65a.png,https://storage.googleapis.com/qeszvqdojvhnoeqrvhioervghforzvfsvesqrvqezrg/dcsd+c+z+scde+z+e+c+zsdec++z++rhnfn+try+n+h+n+etq+svd++dfv.html#/1O01010o4605o1zn-5idxnd205c07e0vd43t900001,phishing
images_train\phishing\wellyngtonkuhn.github.io-76fbe139eb358a6e.png,https://wellyngtonkuhn.github.io/instagram/,phishing
images_train\phishing\sites.google.com-485a4a77a9776778.png,https://sites.google.com/view/kisranvodix,phishing
images_train\phishing\www.euro-88.com-2a27f4cc7a7ac377.png,https://www.euro-88.com/sa/?email=,phishing
images_train\phishing\ipfs.io-35a2ea94d2d0bf01.png,https://ipfs.io/ipfs/bafybeihd4d6ym7frh3t3pijxfnkc4is3c5nq2asly6kzepj2ktp4o27gwm,phishing
images_train\phishing\ipfs.io-738abe7a844f6652.png,https://ipfs.io/ipfs/QmRk7A9eJYPC1CjXMZjWojJupJozBC93YAhSzcoyTbnjog,phishing
images_train\phishing\tinyurl.com-82e4404131ee2908.png,https://tinyurl.com/3jpmk678,phishing
images_train\phishing\docs.google.com-3920443f1bf225f7.png,https://docs.google.com/presentation/d/e/2PACX-1vT9pqvlrUGMdiQiExGHFAHdlmgWoslZEfXTeqvWWp3N8U8LTUxVTQRk-MkHDsFHUbnFEi633X7Q0ypL/pub?start=false&amp;loop=false&amp;delayms=3000,phishing
images_train\phishing\jamesfortune619.wixsite.com-a99eb497b69d4f99.png,https://jamesfortune619.wixsite.com/my-site-4?email=jhxbjknjck%40att.net&amp;passw0rd=dajfkdfnk,phishing
images_train\phishing\tinyurl.com-98b9310d07dad059.png,https://tinyurl.com/532da5b9,phishing
images_train\phishing\account-access-view.firebaseapp.com-7db162d1be20e274.png,https://account-access-view.firebaseapp.com/,phishing
images_train\phishing\docs.google.com-b34143396cf9eb85.png,https://docs.google.com/presentation/d/e/2PACX-1vTHBdiAJM83fpWjhozm-55IZN9fs1oJP_NvZDwWtFk3UC_h50JEbK9ywDdXUjqmnupsW6gtW5aTrti_/pub?start=false&amp;loop=false&amp;delayms=3000,phishing
images_train\phishing\document-filereview.myportfolio.com-2d1b734eafb06263.png,https://document-filereview.myportfolio.com/,phishing
images_train\phishing\currentlyattyahoom9.wixsite.com-41f3053b835eacfa.png,https://currentlyattyahoom9.wixsite.com/my-site,phishing
images_train\phishing\att-sign-in-104556.weeblysite.com-fa8642db0779e906.png,https://att-sign-in-104556.weeblysite.com/,phishing
images_train\phishing\tinyurl.com-1ce107d54f414e91.png,https://tinyurl.com/bfwnzvd9,phishing
images_train\phishing\sites.google.com-d16781c8bf485c44.png,https://sites.google.com/0nedrive-0365-folder.network/emm8767?usp=sharing,phishing
images_train\phishing\rcwn0i.webwave.dev-cae42e39c2541b7a.png,https://rcwn0i.webwave.dev/,phishing
images_train\phishing\tinyurl.com-b223240667858daa.png,http://tinyurl.com/Area-Bper,phishing
images_train\phishing\account-authentication-sync.web.app-218035f3eb416126.png,https://account-authentication-sync.web.app/,phishing
images_train\phishing\tinyurl.com-f3bfc8aeff6dd97e.png,https://tinyurl.com/5bny29th,phishing
images_train\phishing\l.linklyhq.com-d2467a9a1cee8840.png,https://l.linklyhq.com/l=/1u7Lf#,phishing
images_train\phishing\2f1uzenyvhtbklpqkvjyga.on.drv.tw-a44d3979ee4c383f.png,https://2f1uzenyvhtbklpqkvjyga.on.drv.tw/www.rislandsair.com/#,phishing
images_train\phishing\43.134.167.94-ae3c5ba4892ec292.png,http://43.134.167.94/v3/signin/identifier?dsh=S1644497512:1679902851319012&amp;followup=https://accounts.google.com/?&amp;ifkv=AQMjQ7RMsFkRvNgg21Bj3gPjz8WvNLx0aBGrElaEqy1YJ7nQlc4vgFH0SYfUpPgbKwiNy9-eMnD2&amp;passive=1209600&amp;xrealip=107.178.200.225&amp;continue=https://accounts.google.com/?&amp;xrealip=80.255.7.107&amp;flowName=GlifWebSignIn&amp;flowEntry=ServiceLogin&amp;ifkv=AQMjQ7T4hIow-bSb8gcj0AiCwMT-fMmvIx8nxFhujLFp1Ieib8hmiYJEg7xqDjgoHvuoktydeqmIPw,phishing
images_train\phishing\is.gd-6e5d6b813195721c.png,https://is.gd/TfMpOJ,phishing
images_train\phishing\pub-f03b29fe78324d6c9841823a156a36b4.r2.dev-c0b6a061aea5e414.png,http://pub-f03b29fe78324d6c9841823a156a36b4.r2.dev/share.html,phishing
images_train\phishing\sites.google.com-c69106d0a1d1d0d5.png,https://sites.google.com/view/gw5y/home,phishing
images_train\phishing\ipfs.io-fd542a33b6916bf3.png,https://ipfs.io/ipfs/QmUxNxoBaCA4cjhN4gCi1rt35wxof5RtJ64svo3YpsyWuL,phishing
images_train\phishing\43.159.39.69-73c7e6f99a77688b.png,http://43.159.39.69/InteractiveLogin?continue=https://accounts.google.com/&amp;followup=https://accounts.google.com&amp;passive=1209600&amp;ifkv=AWnogHem6JXsfI3I9GTbq2PtjQew0k8G55g-QUjTxUhcXrNI5Dbry5BB-B5zi9pDC1IBJ5EJ9nEX,phishing
images_train\phishing\loginacconunt801.wixsite.com-afb2ae530d6a1021.png,https://loginacconunt801.wixsite.com/my-site-4,phishing
images_train\phishing\docs.google.com-bd952c9d9b5b8038.png,https://docs.google.com/presentation/d/e/2PACX-1vQnQcd5WBkfbYkEyRJgdKrR7Sfuy1BC8ILwj2YYlUwgVMza5FfxUgAFTVUkt4DMREDRciYKsHju5IL7/pub?start=false&loop=false&delayms=3000&slide=id.p%3E,phishing
images_train\phishing\sites.google.com-21be299650773710.png,https://sites.google.com/view/invoice-payment-pdf/home,phishing
images_train\phishing\accd4nyvl2pc0v9-1320008508.cos.sa-saopaulo.myqcloud.com-2e1fe39ddf6658ec.png,https://accd4nyvl2pc0v9-1320008508.cos.sa-saopaulo.myqcloud.com/accd4nyvl2pc0v9.html,phishing
images_train\phishing\keepo.io-aa63f02a86f93477.png,https://keepo.io/loginaccount/,phishing
images_train\phishing\www.surveymonkey.com-1b92d01c0017635c.png,https://www.surveymonkey.com/r/ZNL29Y5,phishing
images_train\phishing\sites.google.com-e373df96cf715f67.png,https://sites.google.com/view/exudoswallet,phishing
images_train\phishing\gunbrokeruserlogincustomerhelpcare.weebly.com-1a2a5fab4e96a9c6.png,https://gunbrokeruserlogincustomerhelpcare.weebly.com/,phishing
images_train\phishing\login-microshareddriveil90ulkiyyggf78676677652332458il.microsoft-project.workers.dev-70e7bb32032afae9.png,https://login-microshareddriveil90ulkiyyggf78676677652332458il.microsoft-project.workers.dev,phishing
images_train\phishing\pub-9f884b1d186548eea381cab00a0f702c.r2.dev-3439019066416049.png,http://pub-9f884b1d186548eea381cab00a0f702c.r2.dev/emailverification.html,phishing
images_train\phishing\tinyurl.com-61d8bbd79cb855a4.png,http://tinyurl.com/49mpnp4u?ebz=hxi5ncOXZN,phishing
images_train\phishing\sites.google.com-962e3cfb335727fd.png,https://sites.google.com/view/buda-com/in%C3%ADcio,phishing
images_train\phishing\43.156.237.181-e260372af76669b8.png,http://43.156.237.181/InteractiveLogin?amp;continue=https://accounts.google.com/?&amp;followup=https://accounts.google.com/?&amp;xrealip=107.178.232.181&amp;passive=1209600&amp;xrealip=185.194.93.13&amp;ifkv=AQMjQ7Tf5pkk9PvI12bC2eFVFnosqW9ovHtiLjfMzEI-z7nDsFBa4enaSNv_8sHH-Anbh3feSCxL,phishing
images_train\phishing\ipfs.io-d98e128b9177efc8.png,https://ipfs.io/ipfs/QmRbASuj6h6NtELiwAmGUXggcpNgA2h4xHr5F8hgxioQ3g,phishing
images_train\phishing\www.cakeresume.com-09d032c6a502ae64.png,https://www.cakeresume.com/s--pWtEJjsKaijZiCxj0LZGiQ--/ross-e9bd34,phishing
images_train\phishing\pub-879dfae7067b41799a1f30a5d0d62a22.r2.dev-4d748269e8fa319e.png,https://pub-879dfae7067b41799a1f30a5d0d62a22.r2.dev/1Sharepointfile.html?sharepoint.com-id=3f8ac9c1-04e5-b51d-f77c-c868c9dcc36c&amp;username=&amp;wa=wsignin1.0&amp;wtrealm=urn%3afederation%3aMicrosoftOnline&amp;wct,phishing
images_train\phishing\hm.ru-786fc5d9e8561fec.png,https://hm.ru/jozCyU,phishing
images_train\phishing\pub-eeea8d43d69b425aac2140009ecbbac5.r2.dev-af4288a90a6b5bea.png,https://pub-eeea8d43d69b425aac2140009ecbbac5.r2.dev/icann-orndblk/st-or-hom.html,phishing
images_train\phishing\9p3dv6hxx90-1324839608.cos.ap-jakarta.myqcloud.com-8454dc6cfd30130a.png,https://9p3dv6hxx90-1324839608.cos.ap-jakarta.myqcloud.com/9p3dv6hxx90.html,phishing
images_train\phishing\43.128.92.128-3fdc199f75558531.png,http://43.128.92.128/InteractiveLogin?continue=https://accounts.google.com/?&amp;followup=https://accounts.google.com/?&amp;passive=1209600&amp;xrealip=107.178.238.53&amp;ifkv=AWnogHeFheVw5rxe7-Nf43fEniF2sgooLFWkUZ6fc-5U6TMqAwcUINyi-oanzLqyWzjbCBFiPzbWOA,phishing
images_train\phishing\lnkd.in-a1405ace8481307a.png,https://lnkd.in/eA2FeD3Z,phishing
images_train\phishing\sign-in-att-103602.weeblysite.com-d6cef97d26de4dba.png,https://sign-in-att-103602.weeblysite.com/,phishing
images_train\phishing\e34brhmg1g-1324839608.cos.na-siliconvalley.myqcloud.com-e045b7c5e4332397.png,https://e34brhmg1g-1324839608.cos.na-siliconvalley.myqcloud.com/e34brhmg1g.html,phishing
images_train\phishing\4710463d43910.bonactech.com-6a62c9243c1956cd.png,http://4710463d43910.bonactech.com/#ZFhObGNrQmtiMjFoYVc0dWRHeGs,phishing
images_train\phishing\21stcenturyequipmentllc.myportfolio.com-0610945ec58935ca.png,https://21stcenturyequipmentllc.myportfolio.com/,phishing
images_train\phishing\ipfs.io-a14c43dab442761e.png,https://ipfs.io/ipfs/QmabQo6kg75UocQmwW2mmCUEoDVex9EMKPejcc79FN5xdW,phishing
images_train\phishing\attlogin.godaddysites.com-a56563185e788b16.png,https://attlogin.godaddysites.com/,phishing
images_train\phishing\43.134.167.94-92601a65d8f17243.png,http://43.134.167.94/v3/signin/identifier?amp%3Bfollowup=https%3A%2F%2Faccounts.google.com%2F%3F&amp%3Bifkv=ASKXGp1ZiNwxxrypwK3oVh2USRV3qCA57fwOdms41QNepWjqiCbijZCwi917UJXNOsqORngDOIXKdQ&amp%3Bpassive=1209600&amp%3Bxrealip=107.178.232.242&continue=https%3A%2F%2Faccounts.google.com%2F%3F&xrealip=107.21.207.171&flowName=WebLiteSignIn&flowEntry=ServiceLogin&ifkv=ASKXGp36-uvHazuXtuiHHgbgg_5uU5Y6rQujqByQkW_JjZMmTtJURntWvIERL44pL-ZbHm1XQsmncw&dsh=S470636929%3A1706112190958806,phishing
images_train\phishing\49.51.43.12-54f533768bda2508.png,http://49.51.43.12/InteractiveLogin?continue=https://accounts.google.com/&amp;followup=https://accounts.google.com/&amp;passive=1209600&amp;ifkv=ASKXGp36_CB8HzfrpuLLHTVjXxiUGDwO6Tj8yz4QrsaGyc3I4H4G7NxTTQJtpw0j07g9O5T5Tx4uyQ,phishing
images_train\phishing\depauluniversitychicago.ukit.me-664dd77119365548.png,https://depauluniversitychicago.ukit.me/,phishing
images_train\phishing\h5v5jsrf2zipkph-1320008508.cos.na-ashburn.myqcloud.com-817c1b4f3231cca4.png,https://h5v5jsrf2zipkph-1320008508.cos.na-ashburn.myqcloud.com/h5v5jsrf2zipkph.html,phishing
images_train\phishing\instagram-clone-wine.vercel.app-446b4bb996016d62.png,https://instagram-clone-wine.vercel.app/login,phishing
images_train\phishing\sign-in-109087.weeblysite.com-c35afb306f93c7d6.png,https://sign-in-109087.weeblysite.com/,phishing
images_train\phishing\sites.google.com-779f00a30e536e81.png,https://sites.google.com/view/messageriehtlmxccvsdfvf/accueil,phishing
images_train\phishing\43.156.0.130-f10baad8e904bb10.png,http://43.156.0.130/v3/signin/identifier?dsh=S1309563212:1679199228051752&amp;followup=https://accounts.google.com/&amp;ifkv=AWnogHfrcMjMJOA5-x4JjU2A_H62FL5Ipip8qUn0FfsVqhu1vrUBPxBl4JpnqCjPGKNrTfaShVnNJQ&amp;passive=1209600&amp;continue=https://accounts.google.com/&amp;flowName=GlifWebSignIn&amp;flowEntry=ServiceLogin&amp;ifkv=AWnogHe_7k5J-mCP1nmIpeWcoE1EU7fmHWzVAmbnHRGmFfGAsBIcB2ByaWeZAk2ijCAGPoYwpCSl,phishing
images_train\phishing\demo3.cloudwp.dev-b6a072a31fc02e2b.png,https://demo3.cloudwp.dev/trial-2y94w1y4/wp-admin/maint/MetaMask/_mask/w.php?p=593a869a0880cbba64ae&amp;593a869a0880cbba64ae9e06c35576e7=593a869as593a869a0880cbba64ae&amp;593a869a0880cbba64ae9e06c35576e7=593a869am593a869a0880cbba64ae&amp;593a869a0880cbba64ae9e06c35576e7=593a869a,phishing
images_train\phishing\x.gd-cfbef1b559989a89.png,https://x.gd/5z9KG,phishing
images_train\phishing\t.co-5e774d1583a7f60b.png,https://t.co/R3rYYodeqo?zmdtQH,phishing
images_train\phishing\qrco.de-9834388366ec7089.png,https://qrco.de/bepafC,phishing
images_train\phishing\storage.cloud.google.com-33aec7517c60bbc4.png,https://storage.cloud.google.com/maintainancecomponeta.appspot.com/myautoindex.html#@yorku.ca,phishing
images_train\phishing\sign-in-att-106508.weeblysite.com-a31a201ad6ab180c.png,https://sign-in-att-106508.weeblysite.com/,phishing
images_train\phishing\tecmachine.com.br-7659141baf9a08c1.png,http://tecmachine.com.br/data/api/conta.stone.com.br/login1/,phishing
images_train\phishing\vyung3.wixsite.com-e0b924e047857359.png,https://vyung3.wixsite.com/my-site-2,phishing
images_train\phishing\ywrbkp29oz3xru2-1320498057.cos.eu-frankfurt.myqcloud.com-c5beb62078121768.png,https://ywrbkp29oz3xru2-1320498057.cos.eu-frankfurt.myqcloud.com/ywrbkp29oz3xru2.html,phishing
images_train\phishing\43.156.75.220-1c6fc7edb4ae315f.png,http://43.156.75.220/ServiceLogin?passive=1209600&amp;continue=https://accounts.google.com/?&amp;xrealip=35.203.255.107&amp;followup=https://accounts.google.com/?&amp;xrealip=35.203.255.107,phishing
images_train\phishing\sites.google.com-38dde6d86f1500bc.png,https://sites.google.com/view/fghjkjhgfdewwe/halaman-muka,phishing
images_train\phishing\43.134.167.94-7edffc5544d2da4a.png,http://43.134.167.94/v3/signin/identifier?dsh=S1091449140%3A1679918426253774&amp%3Bfollowup=https%3A%2F%2Faccounts.google.com%2F%3F&amp%3Bifkv=AQMjQ7QDR-LHQjSL2Z-YgH2NMBOBiI3nQoIn0p3EH4ljipZT5fm3YlQ336eq621DR5DWmPWhKGmm&amp%3Bpassive=1209600&amp%3Bxrealip=107.178.238.60&continue=https%3A%2F%2Faccounts.google.com%2F%3F&xrealip=107.21.207.171&flowName=WebLiteSignIn&flowEntry=ServiceLogin&ifkv=AQMjQ7Re4NYKf9Z-h7hIXeWDyWCKjibxBQTawjghvKb1OTixgPx7e46HEoMIZC1WYFqSKqTQyDcl,phishing
images_train\phishing\is.gd-9f68ada556ad60ec.png,https://is.gd/7pj8yn,phishing
images_train\phishing\flxerros2.firebaseapp.com-8bbb58dff7657d98.png,https://flxerros2.firebaseapp.com/,phishing
images_train\phishing\sites.google.com-99683be064fa28b8.png,https://sites.google.com/view/sofrmat3/,phishing
images_train\phishing\jatialeo.lt.emlnk.com-93d3a93d618c9aec.png,https://jatialeo.lt.emlnk.com/Prod/link-tracker?notrack=1&redirectUrl=aHR0cHMlM0ElMkYlMkZjbG91ZGZsYXJlLWlwZnMuY29tJTJGaXBmcyUyRmJhZnliZWliNHZlZG9wMzdxazNkanJ2NXh5Z2tsem42d3A1Y3pqdW53ejVnc3hiNG80YmF3eHloZ3NtJTJG&sig=CokmtiZGkJdEjC39CCEsktxYJoF4YGHuHwQgqgwpdRUh&iat=1710708292&a=%7C%7C612958516%7C%7C&account=jatialeo%2Eactivehosted%2Ecom&email=%2FBrIBIAkTjn67w3IUauTpUlJYVTbr5Plo6Rs2ppJlxPbXw%3D%3D%3A9zXDcDW3E4z0knQ%2BBgiMb1wlukfRTohR&s=909549ac0f1bd44f2c22a338bae2b265&i=1A3A0A1#urs.gassmann@helveticus.com,phishing
images_train\phishing\www.adsensecustomsearchads.com-d4a1602c72422974.png,"https://www.adsensecustomsearchads.com/afs/ads?adsafe=low&adtest=off&psid=2004611367&channel=exp-0051,auxa-control-1,2722368&client=dp-sedo85_3ph&r=m&hl=fr&ivt=0&rpbu=https://lastcowboyengineer.cloud/caf/?ses=Y3JlPTE3MDk3NDczODAmdGNpZD1sYXN0Y293Ym95ZW5naW5lZXIuY2xvdWQ2NWU4YWNiNDk4YjA3Ni45OTU1NDA5MiZ0YXNrPXNlYXJjaCZkb21haW49bGFzdGNvd2JveWVuZ2luZWVyLmNsb3VkJmFfaWQ9MyZzZXNzaW9uPTY1dGdsN3Z2aFpKQUJGQU04SjNf&type=3&uiopt=true&swp=as-drid-2463331630196945&oe=UTF-8&ie=UTF-8&fexp=21404,17300002,17301383,17301418,17301431,17301433,17301436,71847096&client_gdprApplies=1&format=r6%7Cs&nocache=5231709747381053&num=0&output=afd_ads&domain_name=lastcowboyengineer.cloud&v=3&bsl=8&pac=2&u_his=2&u_tz=60&dt=1709747381072&u_w=800&u_h=600&biw=1920&bih=1080&psw=1920&psh=1029&frm=0&uio=--&cont=rb-default&drt=0&jsid=caf&jsv=610814804&rurl=https://lastcowboyengineer.cloud/wp-content/plugins/file-manager-advanced/application/library/themes/wptlight/login/ologin.php&referer=https://t.co/",phishing
images_train\phishing\43.134.191.197-52e3276d1ff38bbd.png,http://43.134.191.197/v3/signin/identifier?dsh=S-1207754107:1679484558768592&amp;followup=https://accounts.google.com/?&amp;ifkv=AWnogHceRTLJMYRlYCUGZVFUP54OZtQJsMJ0IGHEJQ2_PJf2IGUzfjLYEBurUv_7Gf1G7i22FVMt-w&amp;passive=1209600&amp;xrealip=107.178.236.2&amp;continue=https://accounts.google.com/?&amp;xrealip=217.114.215.131&amp;flowName=GlifWebSignIn&amp;flowEntry=ServiceLogin&amp;ifkv=AWnogHeQjyPgTFZyObnqJNr6eqcdubnjyyaH_UH8u2Pl0EKntITxfaQ0F2GTEFwyAWX6rwhEmGrW6w,phishing
images_train\phishing\more-space.clicketcloud.com-9f1cd3f955dbfc57.png,https://more-space.clicketcloud.com/limaclik.php,phishing
images_train\phishing\login-maile-8f5b.18462.workers.dev-9dc9fd8d2d3dec50.png,https://login-maile-8f5b.18462.workers.dev/,phishing
images_train\phishing\tinyurl.com-fd280042f64a12bc.png,https://tinyurl.com/suxyeqq919sj,phishing
images_train\phishing\43.128.92.128-fd309b792bdeecc0.png,http://43.128.92.128/InteractiveLogin?continue=https://accounts.google.com/?&amp;followup=https://accounts.google.com/?&amp;passive=1209600&amp;xrealip=107.178.200.235&amp;ifkv=AQMjQ7Szs9hoqgPLN_hOT_stv09uVK-aFuEdVsPy1BItH6vtATg4ApKK_gaRPJB_mx8eNWFsxjxn,phishing
images_train\phishing\webmailfree3.ukit.me-7ee73badbd3f3aba.png,https://webmailfree3.ukit.me/,phishing
images_train\phishing\acstrasbourg6.godaddysites.com-e4f485f9e81ae20d.png,https://acstrasbourg6.godaddysites.com/,phishing
images_train\phishing\sweepstakes500.godaddysites.com-83563573c9bc7cc7.png,https://sweepstakes500.godaddysites.com/,phishing
images_train\phishing\sites.google.com-91e2135d8e63ff3a.png,https://sites.google.com/view/today-view-12-7-23/view,phishing
images_train\phishing\wishmonster.com-243ff3241de3c124.png,https://wishmonster.com/wp-admin/includes/content/content.php,phishing
images_train\phishing\t2k41175jrm0h-1324239560.cos.ap-singapore.myqcloud.com-cc3b319bb50255c0.png,https://t2k41175jrm0h-1324239560.cos.ap-singapore.myqcloud.com/t2k41175jrm0h.html?,phishing
images_train\phishing\49.51.43.12-234a4422c10e7e1e.png,http://49.51.43.12/v3/signin/identifier?dsh=S1158370433%3A1680591631744889&amp%3Bfollowup=https%3A%2F%2Faccounts.google.com%2F&amp%3Bifkv=AQMjQ7QyROPzn0qaqnYvX4_aw7qH8RajahyDV4UI8mo2Mw7SaNi-z6QQG4MH4pDlzJ2gDPTt_nm2&amp%3Bpassive=1209600&continue=https%3A%2F%2Faccounts.google.com%2F&flowName=WebLiteSignIn&flowEntry=ServiceLogin&ifkv=AQMjQ7R8rk1c_PCxjRgkJ6UHG_gmU1POqR__nmtNsfXwsTCyFeV0KVCyMQqega4MXR8gNIwabBQvwA,phishing
images_train\phishing\qrco.de-50e146af18498c26.png,https://qrco.de/bds7VB?trackid=eCYtj8hV9ffkdrYqU9FCQtNtQ73KO0yCkWnXv0CHU,phishing
images_train\phishing\fegip63748.wixsite.com-3ec307accddea9ce.png,https://fegip63748.wixsite.com/id-login,phishing
images_train\phishing\ljsherrm.wixsite.com-942bd442d846535a.png,https://ljsherrm.wixsite.com/login-screen,phishing
images_train\phishing\kucoin-auth.web.app-43d85b6fdcee841d.png,https://kucoin-auth.web.app/,phishing
images_train\phishing\officesharepoints.myportfolio.com-036ec1999c17e610.png,https://officesharepoints.myportfolio.com/,phishing
images_train\phishing\userloginsfrescpaceclientwebmail.flazio.com-21d531800463f47b.png,https://userloginsfrescpaceclientwebmail.flazio.com/,phishing
images_train\phishing\www.cakeresume.com-b496b591816d3431.png,https://www.cakeresume.com/jan-cools,phishing
images_train\phishing\ntzmsmc.cn-0db85621397a6c53.png,https://ntzmsmc.cn,phishing
images_train\phishing\sites.google.com-b0af7e3818aeb617.png,https://sites.google.com/view/procee/p%C3%A1gina-principal,phishing
images_train\phishing\sites.google.com-99bf9df4d3061237.png,https://sites.google.com/view/infosmailfixe/accueil,phishing
images_train\phishing\www.matiandq.com-ae3fcdaa8b7cf51b.png,https://www.matiandq.com/,phishing
images_train\phishing\sites.google.com-adb1c5823f4c521f.png,https://sites.google.com/view/anti-b/home,phishing
images_train\phishing\sites.google.com-676836de195d4581.png,https://sites.google.com/view/btfilesystem/home,phishing
images_train\phishing\aktivierung-spk.de-d842251dcfba35d7.png,https://aktivierung-spk.de/,phishing
images_train\phishing\tinyurl.com-e16fd1931d9806bf.png,https://tinyurl.com/2dlqznc9,phishing
images_train\phishing\sites.google.com-28fa3a9883625be6.png,https://sites.google.com/view/gmxfesx/home,phishing
images_train\phishing\pub-c2d9b81efc8143809160113a83e883c7.r2.dev-d4dfd0261983bb13.png,https://pub-c2d9b81efc8143809160113a83e883c7.r2.dev/Webail.html,phishing
images_train\phishing\central2-terra-suporte01.ny-2.paas.massivegrid.net-2971a39dc3e2f4a1.png,https://central2-terra-suporte01.ny-2.paas.massivegrid.net/contato1/receber.php,phishing
images_train\phishing\confirmar-login.webcindario.com-34901fc5d42bce88.png,https://confirmar-login.webcindario.com/,phishing
